{"cameraMode":{"drawMode":0,"name":"Shaded","section":"Shading Mode"},"sceneLighting":false,"audioPlay":false,"sceneViewState":{"m_AlwaysRefresh":false,"showFog":true,"showSkybox":false,"showFlares":true,"showImageEffects":true,"showParticleSystems":true,"showVisualEffectGraphs":true,"m_FxEnabled":true},"in2DMode":false,"pivot":{"x":-22.90085792541504,"y":1.6239484548568726,"z":16.850000381469728},"rotation":{"x":-0.11373350769281388,"y":0.018783457577228547,"z":-0.0021531053353101017,"w":-0.9933338761329651},"size":5.744637966156006,"orthographic":true}