{"cameraMode":{"drawMode":0,"name":"Shaded","section":"Shading Mode"},"sceneLighting":true,"audioPlay":false,"sceneViewState":{"m_AlwaysRefresh":false,"showFog":true,"showSkybox":true,"showFlares":true,"showImageEffects":true,"showParticleSystems":true,"showVisualEffectGraphs":true,"m_FxEnabled":true},"in2DMode":false,"pivot":{"x":0.21010470390319825,"y":39.357025146484378,"z":14.530645370483399},"rotation":{"x":-0.3350687026977539,"y":-0.06775709241628647,"z":-0.024166766554117204,"w":0.9394441843032837},"size":13.714860916137696,"orthographic":false}