{"cameraMode":{"drawMode":0,"name":"Shaded","section":"Shading Mode"},"sceneLighting":true,"audioPlay":false,"sceneViewState":{"m_AlwaysRefresh":false,"showFog":true,"showSkybox":true,"showFlares":true,"showImageEffects":true,"showParticleSystems":true,"showVisualEffectGraphs":true,"m_FxEnabled":true},"in2DMode":false,"pivot":{"x":-12.891695976257325,"y":10.06458854675293,"z":20.9357967376709},"rotation":{"x":-0.013520291075110436,"y":0.9179799556732178,"z":-0.39516833424568179,"w":-0.03141140192747116},"size":15.075721740722657,"orthographic":true}