{"cameraMode":{"drawMode":0,"name":"Shaded","section":"Shading Mode"},"sceneLighting":false,"audioPlay":false,"sceneViewState":{"m_AlwaysRefresh":false,"showFog":true,"showSkybox":false,"showFlares":true,"showImageEffects":true,"showParticleSystems":true,"showVisualEffectGraphs":true,"m_FxEnabled":true},"in2DMode":false,"pivot":{"x":-23.257217407226564,"y":1.7760357856750489,"z":24.700000762939454},"rotation":{"x":-0.10492163896560669,"y":0.8906760811805725,"z":-0.2623984217643738,"w":-0.35614925622940066},"size":3.005321502685547,"orthographic":true}