{"cameraMode":{"drawMode":0,"name":"Shaded","section":"Shading Mode"},"sceneLighting":false,"audioPlay":false,"sceneViewState":{"m_AlwaysRefresh":false,"showFog":true,"showSkybox":false,"showFlares":true,"showImageEffects":true,"showParticleSystems":true,"showVisualEffectGraphs":true,"m_FxEnabled":true},"in2DMode":false,"pivot":{"x":21.338729858398439,"y":1.7660356760025025,"z":7.199999809265137},"rotation":{"x":-0.13896846771240235,"y":0.03357160836458206,"z":-0.004716543480753899,"w":-0.9897190928459168},"size":4.987974166870117,"orthographic":true}