{"cameraMode":{"drawMode":0,"name":"Shaded","section":"Shading Mode"},"sceneLighting":false,"audioPlay":false,"sceneViewState":{"m_AlwaysRefresh":false,"showFog":true,"showSkybox":false,"showFlares":true,"showImageEffects":true,"showParticleSystems":true,"showVisualEffectGraphs":true,"m_FxEnabled":true},"in2DMode":false,"pivot":{"x":21.256256103515626,"y":1.7760357856750489,"z":21.350000381469728},"rotation":{"x":-0.2648329436779022,"y":0.11480817943811417,"z":-0.03177653253078461,"w":-0.9569116830825806},"size":12.853116989135743,"orthographic":true}